week,loser,p_win
3,NYJ,0.213592554500881
4,HOU,0.124233091913485
5,MIA,0.256332921504649
6,OAK,0.312010363650566
7,CHI,0.173190823504895
8,NYG,0.152581318896493
9,ATL,0.202649943769832
10,DET,0.232256314108383
11,DAL,0.249775051596656
12,MIN,0.330341810011542
13,JAX,0.141360606923689
