week,loser,p_win,trial
3,NYJ,0.213592554500881,1
4,HOU,0.124233091913485,1
5,MIA,0.256332921504649,1
6,WSH,0.185692512669799,1
7,CHI,0.173190823504895,1
8,NYG,0.152581318896493,1
9,ATL,0.202649943769832,1
10,CAR,0.308111540782543,1
11,DET,0.189802192477249,1
12,OAK,0.324608741607108,1
13,JAX,0.141360606923689,1
