week,loser,p_win,trial
3,NYJ,0.213592554500881,2
4,HOU,0.124233091913485,2
5,MIA,0.256332921504649,2
6,WSH,0.185692512669799,2
7,CHI,0.173190823504895,2
8,NYG,0.152581318896493,2
9,ATL,0.202649943769832,2
10,CAR,0.308111540782543,2
11,DET,0.189802192477249,2
12,MIN,0.330341810011542,2
13,JAX,0.141360606923689,2
