week,loser,p_win,trial
3,NYJ,0.213592554500881,1
4,HOU,0.124233091913485,1
5,MIA,0.256332921504649,1
6,WSH,0.209686404872967,1
7,CHI,0.173190823504895,1
8,NYG,0.15468877892315,1
9,ATL,0.202649943769832,1
10,CAR,0.308111540782543,1
11,DET,0.189802192477249,1
12,MIN,0.330341810011542,1
13,JAX,0.141360606923689,1
